summitId,latitude,longitude,elevation
0,27.9892,86.9256,8737.79
-1,35.8817,76.5125,8613.95
-8,28.6975,83.4925,8167.12
-27,30.3758,79.9708,7815.99
-31,29.6325,95.0542,7781.85
-56,29.5967,101.8783,7555.99
-85,42.035,80.1283,7438.95
418,36.4128,87.3831,6981.64
-302,-32.6533,-70.0125,6961.94
-372,-27.11,-68.5425,6893.05
-541,-9.1208,-77.605,6768.08
-1146,-18.1083,-68.8833,6548.93
3073,-15.5461,-72.6603,6417.98
4838,34.7975,99.4625,6309.25
-3396,-1.4675,-78.8175,6266.99
-4041,35.6583,94.2617,6224.02
-4656,63.0692,-151.0067,6190.49
-11775,60.5675,-140.4058,5956.1
-14338,-3.0767,37.3542,5895.14
34965,38.5006,97.7245,5819.03
-23139,10.8392,-73.6867,5729.94
-29272,43.3542,42.4358,5641.85
-29682,19.0308,-97.27,5636.06
-31725,35.9558,52.11,5610.15
-47734,43.8017,88.3333,5444.95
-51801,6.495,-72.2967,5409.9
-54163,2.9233,-76.0283,5390.08
-90094,39.7033,44.2992,5137.1
-95011,0.3858,29.8733,5109.06
-111297,-78.535,-85.5708,5018.84
-136471,-4.0783,137.1583,4884.12
292149,56.0578,160.6439,4845.56
304538,45.8328,6.8647,4810.72
-157776,-4.7083,140.2892,4757.01
-189979,13.2367,38.3683,4550.05
-190328,32.3675,50.0867,4547.92
-193134,-84.3325,166.4308,4528.11
-195687,-5.78,145.03,4508.91
-196120,49.805,86.5908,4505.86
-196890,29.5117,57.2717,4500.07
432951,36.5785,-118.2924,4418.99
-207459,36.5783,-118.2925,4418.99
-209663,6.8258,39.8175,4400.09
438666,39.1178,-106.4453,4399.18
-209857,39.1175,-106.445,4399.18
-209879,46.8525,-121.76,4399.0
-218884,1.1183,34.5267,4321.15
-219480,41.4092,-122.195,4316.58
462071,41.409,-122.1949,4316.58
-222959,-77.04,-126.0517,4284.88
-225745,19.5633,-103.6083,4259.88
-228985,46.89,91.4733,4230.93
-230116,15.0433,-91.9033,4219.96
490630,43.1843,-109.6543,4212.95
492818,19.8207,-155.468,4205.02
-231667,19.8208,-155.4683,4205.02
-235722,31.06,-7.915,4166.92
-235778,-71.7892,168.7492,4166.01
-243175,6.075,116.5583,4094.99
-243362,-80.37,77.2542,4092.85
-247149,-46.595,-73.3458,4058.11
-249059,4.2183,9.1733,4040.12
-249338,-8.8925,147.5333,4037.99
-250660,-78.0608,162.685,4024.88
-251245,51.3733,-125.2633,4019.09
553872,38.9858,-114.3139,3981.6
-255208,38.9858,-114.3142,3981.6
-257887,53.1108,-119.1567,3959.05
-258154,44.995,100.2308,3956.91
-258614,23.4708,120.9583,3952.04
-259849,-85.7092,-128.6292,3940.15
-262210,38.5317,35.4508,3916.98
-270071,35.3467,-111.6783,3850.54
588510,35.3464,-111.678,3850.54
-274791,9.4842,-83.4892,3819.14
-275756,-77.2575,39.155,3810.0
-275800,-79.0058,93.6833,3808.78
-276199,-1.6967,101.2642,3805.12
-279484,35.3608,138.7275,3775.86
-283963,-39.6375,-71.5025,3746.91
-287793,-8.41,116.4575,3725.88
-288298,-43.595,170.1425,3724.05
621550,24.8714,-100.2328,3720.6
-290034,28.2725,-16.6425,3717.95
-295575,68.9183,-29.8992,3693.57
-298829,-8.1075,112.9225,3675.89
-302353,15.28,43.9783,3666.13
-328269,51.7192,100.5967,3490.87
-329123,-29.4683,29.2692,3482.04
680188,33.9059,-109.5627,3481.12
-329542,37.0533,-3.3117,3478.99
-329585,-3.385,120.0242,3478.07
-333000,3.7975,97.2192,3465.88
688340,19.7939,18.5522,3446.97
-338048,-7.2392,109.22,3428.09
-338415,-72.1267,26.0783,3425.04
-341008,42.6308,0.6567,3404.01
700909,66.9356,-36.7856,3394.74
-346171,-73.4558,61.4642,3354.93
-346417,23.2058,-104.9442,3351.89
718724,37.755,14.9953,3323.78
-350962,36.2808,59.0492,3314.09
-352127,25.9558,-107.0475,3303.12
730969,8.8753,34.8153,3276.06
-356395,-75.13,123.2042,3265.93
-356436,-75.0142,123.5675,3265.93
-359919,72.5275,-37.4533,3237.89
748129,-69.7981,-64.4544,3212.04
-368632,-4.0158,103.1283,3172.97
-368708,-88.1517,-171.0383,3172.0
-373085,-71.8758,6.6617,3143.71
-373339,22.3033,103.775,3141.88
-379203,31.4483,110.3042,3105.0
-380626,19.0233,-70.9975,3097.99
-381183,30.9925,-115.375,3094.94
-383985,28.2525,-107.595,3080.92
787302,21.2336,93.903,3077.34
-385485,56.8642,117.575,3072.08
-385725,-21.0992,55.48,3070.86
-385994,36.5933,30.15,3069.95
792236,39.0806,113.567,3061.85
796144,22.2739,-102.6072,3049.35
-391092,12.9342,24.23,3041.9
801765,-3.1733,129.4556,3031.82
-393347,0.5775,120.205,3030.02
-394500,57.3467,-124.0925,3023.92
-394819,-82.4667,-103.9,3022.09
-395459,23.2383,57.2633,3018.13
-398099,65.1858,146.04,3002.89
-398349,-15.9492,35.5925,3001.98
813734,17.9286,43.2655,2995.85
-399711,0.805,-66.0067,2994.05
-401973,-9.0783,34.0208,2980.03
-404878,-8.9075,125.4942,2962.96
-405489,62.58,140.8975,2959.0
-406335,6.9875,125.2708,2954.12
828800,63.4314,-130.3244,2953.42
-408578,73.0908,-28.6175,2942.84
-410511,-54.45,-36.5242,2931.87
-411815,42.18,23.585,2924.86
840299,16.5978,120.8989,2922.57
-412796,0.0792,99.9842,2919.07
-413244,40.0858,22.3583,2916.94
-414079,42.4692,13.5658,2912.06
-414555,-74.1633,-3.6608,2909.93
-414815,23.2892,5.5333,2908.1
849384,-72.5492,0.6542,2899.31
-416896,-20.4358,-41.7975,2897.12
-419267,-41.9958,173.6625,2884.93
858207,63.1606,-44.7867,2877.23
-420943,-14.0225,48.9675,2876.09
-422352,54.755,-163.9708,2869.39
-428523,54.6217,110.4558,2840.13
-430778,18.9808,103.1517,2830.07
-431179,14.95,-24.3425,2828.85
-433064,61.8317,-44.6633,2820.92
-435556,-85.0442,-90.8458,2809.95
-435457,5.1408,-60.7633,2809.95
891388,48.4656,107.4128,2800.79
-438460,-22.4283,-44.8425,2798.06
897665,-64.6242,-63.4383,2787.41
-443111,17.5625,38.0058,2780.08
-447140,10.5433,-66.7825,2765.15
-448871,54.4183,-127.7442,2759.05
915896,-53.1036,73.5175,2750.4
-454565,41.9933,128.0775,2744.11
-454766,69.2775,-144.91,2743.81
-465302,-5.905,154.995,2714.85
-471710,-3.3008,126.22,2699.92
-474267,10.1708,77.0633,2695.04
-476912,-74.84,-11.2017,2691.99
-489939,-80.61,-96.7675,2674.92
965265,20.7794,40.798,2659.24
-494777,-22.195,46.885,2657.86
-495853,49.1642,20.1342,2653.89
-496130,-7.0925,37.6183,2652.98
-497509,43.1975,-4.8525,2648.1
-499063,-19.3492,47.2433,2642.92
-499751,-86.3275,-106.4158,2640.79
-503282,28.51,33.955,2628.9
986531,-54.6631,-69.5925,2623.49
-504906,18.81,97.0375,2623.11
-505884,-12.4625,15.1742,2620.06
-507071,81.915,-75.0092,2616.1
-512771,15.0692,107.975,2598.12
-514643,-18.3,32.8417,2592.02
-514945,40.2458,-5.2975,2591.1
-520640,-21.1492,14.5775,2573.12
-521576,27.8817,108.6817,2570.07
-524226,61.8933,171.1858,2562.15
-537141,7.0008,80.7742,2524.05
-537142,7.0,80.7742,2524.05
-537874,67.4125,-154.9658,2522.52
-543183,56.2192,-159.2975,2506.98
-544490,-31.7592,24.54,2503.02
1083900,-81.9417,-89.8042,2483.52
1085146,-7.5039,29.9867,2481.97
-553413,-22.65,17.1792,2478.94
-556761,61.6367,8.3125,2468.88
1102272,76.4694,-25.6433,2460.85
-559984,10.735,47.245,2460.04
-561472,35.2275,24.7708,2456.08
-579029,67.5817,128.14,2409.14
1172299,61.9219,-133.3678,2380.2
-590950,55.8967,130.4533,2379.88
-591123,-67.01,-65.9183,2379.88
1173752,23.9767,39.2825,2378.66
-594808,53.6067,134.575,2370.12
-598865,-11.7575,43.3658,2360.98
1198987,-5.0508,151.3311,2351.54
-603040,38.4683,-28.3992,2350.92
-604694,64.4708,-138.555,2346.96
1204848,40.9761,110.6189,2345.63
-609661,-9.7033,160.0617,2335.07
-611418,-25.2092,30.15,2331.11
1222121,-74.1519,-66.4733,2328.22
-612777,35.3183,6.6367,2328.06
-614101,-33.3983,21.3675,2325.01
1239262,-0.6597,112.6886,2310.88
-622202,36.4475,4.2283,2307.95
-627605,-66.7867,54.165,2300.02
-627595,-61.285,-54.1458,2300.02
1250857,71.4011,-51.8358,2299.6
-632432,43.6633,142.8542,2290.88
-638847,71.08,-8.1792,2276.86
1299555,50.5742,134.5939,2254.72
-651571,1.82,115.2725,2250.03
-656500,-17.6233,-149.4767,2240.89
1319824,32.9117,-0.4675,2236.39
-662695,-36.4558,148.2633,2228.09
1342026,66.7706,-65.1583,2216.91
1352606,-70.1944,64.8,2208.16
-676430,-27.1808,18.7292,2201.88
-682649,66.0383,-52.255,2191.82
-683483,4.6325,102.235,2189.99
1386965,64.2175,133.5594,2179.41
1390215,-71.0136,65.1467,2176.7
1396917,-67.3731,164.7556,2171.67
-693945,27.8608,117.7842,2169.87
-705034,-82.6233,-52.8125,2150.06
-705602,53.1258,-168.6942,2149.14
1430893,14.6731,48.7808,2144.98
1433901,-19.6153,17.6203,2142.59
-709435,25.8658,110.4133,2142.13
-710739,26.3133,114.0367,2140.0
-714136,-24.4708,27.5925,2134.82
-722995,11.3258,49.7483,2119.88
1467129,16.1714,99.0367,2117.6
-728736,64.0142,-16.6775,2110.13
-731643,67.9008,18.5167,2105.86
1516426,79.9256,-92.3075,2082.1
-752870,13.4667,98.805,2072.03
-755036,-17.2008,13.0208,2068.98
-760868,-37.1117,-12.2892,2060.14
1550100,-25.2706,15.7547,2059.21
-765146,42.615,117.7958,2053.74
1582933,35.7649,-82.2651,2037.28
-776424,35.765,-82.265,2037.28
-779227,-13.2967,-41.9075,2033.02
-785559,0.2692,6.5417,2023.87
-786770,17.8383,8.72,2022.04
-795721,15.3083,26.5492,2009.85
-799725,61.4867,155.3142,2004.97
-799929,47.1158,136.5683,2004.06
1666331,19.0136,8.6014,1983.72
-816176,33.7675,133.1158,1982.11
1686717,-24.6153,46.7042,1971.2
-838597,27.47,-112.5917,1951.02
-839395,33.3617,126.5292,1950.11
1728739,83.3183,-33.2,1945.82
-843244,9.2283,-11.1142,1944.93
-843755,73.23,-78.6233,1944.01
-849508,30.3358,130.5042,1936.09
-851679,21.9158,25.0,1933.96
-864745,44.2708,-71.3033,1916.58
1778944,44.2705,-71.3034,1916.58
-869722,-8.86,27.0667,1909.88
-869831,-8.8625,27.0675,1909.88
-870036,-8.8608,27.0642,1909.88
-869899,-8.8617,27.0683,1909.88
-873266,70.7992,-71.65,1905.0
-881566,65.035,60.1142,1894.94
1817717,-80.6578,-24.6667,1894.42
-884092,-2.7133,115.6258,1891.89
1824110,-13.3439,29.6103,1891.0
-887069,67.8175,178.2942,1887.93
1844410,-15.3631,166.7545,1879.71
-896440,-25.2508,-48.8,1876.96
-906307,30.125,118.1667,1863.85
1874187,-13.6186,-172.4869,1862.82
-907679,32.7592,-16.9433,1862.02
-908407,-27.8875,23.5608,1861.72
1890999,43.695,134.1994,1853.72
-917407,-49.595,69.4967,1850.14
1899446,17.1625,54.8542,1848.96
-922831,-78.8275,-114.5333,1843.74
-923000,-78.8542,-114.3892,1843.74
-925999,18.8983,109.7042,1840.08
-937517,-28.125,-49.475,1826.97
-946569,66.025,163.2367,1816.91
-950004,12.0325,104.1708,1812.95
-955649,51.8842,-178.1425,1805.94
2012966,-9.2442,27.8183,1789.6
2019079,63.645,-50.3989,1786.54
2022833,8.4942,99.7294,1784.74
2030442,65.3378,165.5622,1781.07
-979664,67.5392,168.1383,1780.95
2037902,45.4725,114.5892,1777.23
2060063,9.9342,9.0344,1766.46
2082983,7.6219,-8.4083,1755.34
-1010201,-17.1942,30.6892,1748.94
2099348,47.0578,120.5219,1747.47
-1014237,80.4325,-19.6858,1744.07
2118965,-11.1133,26.3914,1738.13
2137310,47.5422,120.48,1729.63
-1036496,24.6492,72.775,1722.12
2167732,59.3242,114.4233,1715.85
-1047164,79.0108,17.4908,1712.98
-1053959,0.0425,-91.3342,1706.88
-1059628,69.13,94.9375,1701.09
-1070843,-13.9925,-47.4875,1691.03
2245681,-73.6525,-94.095,1681.61
-1083359,18.2275,82.725,1680.06
-1084396,-13.4792,17.9875,1679.75
-1084731,-13.4792,17.99,1679.75
-1114559,58.8875,-63.71,1652.02
-1117868,-33.7808,-80.815,1649.88
-1122158,19.6,73.7108,1645.92
-1127940,-12.0267,23.5667,1641.0
-1128988,-68.835,-90.6175,1640.13
2350278,54.255,58.1042,1638.01
-1143702,-20.5883,164.77,1627.94
2376964,-20.6217,29.9033,1627.06
-1150318,-17.3992,145.8183,1622.15
-1157797,-41.8708,146.0333,1616.96
2410876,-21.88,166.4225,1613.62
-1166990,50.8517,143.1417,1609.04
2430992,45.9044,-68.9214,1605.69
-1172114,45.9042,-68.9217,1605.69
2436139,11.9033,18.1908,1603.62
2436823,50.7361,15.7397,1603.35
2447698,-32.0031,151.4469,1599.25
2449124,22.0586,-159.4975,1598.68
-1198667,-30.4375,152.24,1585.87
-1217005,-41.5333,147.6583,1571.85
-1218574,59.6317,59.135,1570.02
2545290,48.4236,75.4714,1561.64
-1234046,-20.4733,28.705,1559.97
2574376,-16.2828,28.1236,1550.73
-1247959,75.1667,57.8167,1548.99
2580609,-14.7339,26.8431,1548.33
2604886,27.5097,41.5486,1539.36
-1262517,46.8108,151.79,1538.94
2618586,12.1119,-12.2636,1534.25
-1273188,-23.4008,132.395,1531.01
2642947,51.2972,123.1283,1525.42
-1291380,-12.2158,27.8108,1519.73
-1294875,81.0633,-59.5283,1518.0
2675373,12.575,54.0222,1513.74
2687820,23.2789,44.593,1509.16
2691609,-20.2667,-46.4344,1507.81
2760152,38.3947,-79.9918,1484.0
2779154,76.4386,-62.2592,1477.62
2779590,50.8844,118.1775,1477.46
2795298,10.8881,13.7806,1472.06
-1376637,62.9142,176.5158,1467.92
-1377951,16.045,-61.6642,1467.0
2836419,11.9828,31.0703,1458.22
-1417451,44.4158,112.5058,1445.97
-1427987,17.9217,73.6717,1439.88
-1433900,64.9925,-165.3292,1436.83
2905520,-26.3183,131.7442,1435.79
-1452517,44.4042,108.14,1426.77
2955330,16.705,52.53,1420.13
-1479236,-4.76,32.2808,1411.83
3012597,24.7272,42.6739,1402.47
-1504398,76.9192,16.1408,1399.95
-1514175,-66.6425,112.8267,1395.07
3039094,-33.3442,148.9822,1394.29
-1518134,-16.8283,26.8175,1393.85
-1518061,-16.8267,26.8158,1393.85
3062054,-18.7722,21.7533,1387.3
3084353,29.3667,37.2397,1380.66
-1556139,-58.4408,-26.3292,1374.95
-1564100,-74.5358,-86.89,1371.9
3118395,9.1369,23.1461,1370.46
3154183,17.1458,22.4967,1359.9
-1614446,22.4492,78.3717,1349.96
-1628009,56.7967,-5.0033,1343.86
-1630426,-22.6325,44.1675,1342.95
-1640509,18.1725,-66.5917,1338.07
3274003,14.3433,21.6581,1325.52
-1673523,-17.615,178.0183,1324.05
-1683997,-18.12,-60.02,1320.09
-1707242,-75.8575,-86.9733,1311.0
3353736,-23.9861,-51.1114,1303.29
-1750975,-60.5808,-45.4783,1294.79
-1811126,-9.81,-139.0692,1275.89
3458369,48.9875,-65.9486,1274.93
3461596,41.9991,-74.386,1274.06
-1814668,41.9992,-74.3858,1274.06
-1826131,-21.015,148.6008,1270.1
-1829105,44.0967,110.9875,1269.0
3491489,81.4936,-52.6292,1266.04
-1846515,-19.7875,21.0117,1263.7
-1844293,-8.82,18.98,1263.7
3517670,-24.9528,148.125,1259.17
3535940,3.6825,-56.5356,1254.34
-1890806,-22.9808,118.5875,1249.07
3589817,-46.9039,37.7097,1240.21
-1924975,-38.1583,-61.9517,1239.01
-1944313,23.4892,83.6117,1233.83
-1950694,-20.9308,22.5008,1231.7
3679191,20.5261,31.5283,1217.32
3726753,-23.1014,134.9036,1205.36
-2057586,-29.0258,19.2075,1204.87
-2057591,-29.025,19.2067,1204.87
-2077736,67.7258,33.4733,1200.91
-2077738,67.7267,33.4717,1200.91
3746743,-8.16,-36.3922,1200.39
3771949,53.6461,-58.5542,1194.12
-2126073,28.1942,13.9767,1189.02
-2127050,64.855,-173.4367,1188.72
-2130262,63.9842,-65.8375,1188.72
3803296,21.6483,86.3589,1186.32
3817304,22.9936,81.6544,1182.89
3843687,21.3764,77.2514,1176.3
-2201894,23.8642,46.4417,1173.78
-2200666,23.8633,46.4425,1173.78
-2236071,-31.5033,138.5508,1167.99
-2239811,-37.3417,142.5767,1167.08
-2239814,-37.2933,142.6008,1167.08
-2255493,-0.1958,104.55,1164.95
3909908,1.5283,-59.2394,1160.33
-2311384,15.2567,-1.6683,1154.89
-2315618,-4.7825,-40.1325,1153.97
3948423,75.8975,107.7075,1151.13
3963429,52.3219,-70.4458,1147.61
3972235,-77.6244,-153.6858,1145.57
-2358857,21.5275,70.5275,1145.13
-2368774,-8.685,24.7483,1143.91
-2369208,-6.9683,25.8442,1143.91
-2386882,21.985,-80.1325,1139.95
-2427935,36.175,120.6267,1132.94
4028646,47.1608,72.675,1132.33
4037354,15.06,30.4153,1130.28
4053867,59.8247,92.8539,1126.5
-2464019,-10.8325,-63.5775,1125.93
4064074,48.6444,66.9453,1124.18
4091384,31.225,38.5322,1117.94
-2559899,-4.2092,-38.975,1111.91
-2575504,-19.6683,-175.0158,1108.86
-2607456,51.5308,-68.0767,1103.99
-2622098,-18.425,24.2308,1101.85
-2664091,-34.375,118.2558,1095.15
-2698039,-46.4208,52.2275,1089.96
4234917,27.3233,17.2136,1085.98
-2726448,53.0683,-4.0758,1085.09
-2738365,-19.6092,169.4017,1083.87
4275627,-19.6033,144.0553,1077.13
4300418,0.9553,13.6858,1071.8
-2846658,-19.2017,-57.5933,1064.97
-2926492,50.9742,-65.4633,1051.56
-2932638,18.7925,-110.9733,1050.04
4411143,27.6583,75.3922,1048.51
-2949626,-17.2367,-51.7767,1047.9
-2954362,-17.7842,-48.685,1046.99
-2954502,-17.7842,-48.6875,1046.99
-2959071,15.9242,74.1258,1045.77
-3006340,51.9992,-9.7425,1039.06
4459601,-1.6164,11.765,1038.58
-3109822,-16.3142,-52.3183,1022.91
-3216282,59.1925,-115.5917,1006.14
-3219191,48.8375,116.1783,1005.84
4647379,3.9761,108.3361,1000.99
4669948,7.0858,0.6625,996.51
4700043,76.3461,65.0033,990.72
4741118,55.9817,100.9783,982.64
4741699,-17.4361,127.2364,982.52
-3365559,7.65,25.4092,981.76
4746360,-74.8019,-99.2358,981.63
-3386627,3.715,13.745,977.8
-3400025,-79.59,-45.815,975.06
-3430103,18.7675,145.6675,969.87
4823653,52.8933,172.9808,966.82
4829488,-24.3564,150.9395,965.73
4832476,31.975,13.3197,965.18
-3456578,79.5892,99.15,965.0
-3456579,79.5383,98.7467,965.0
-3511122,20.895,3.7633,955.85
4882536,18.3364,32.7403,955.64
-3556507,3.6925,26.9458,949.76
-3586848,66.7317,109.3892,944.88
4946967,-15.8719,-57.2175,943.65
-3625864,-17.3217,125.5608,938.78
4980203,-15.8731,-46.2344,937.39
5001945,53.08,70.1889,933.32
5017625,53.8758,-66.0525,930.42
-3690558,20.025,2.4308,926.9
-3690325,66.9442,105.855,926.9
5044311,-3.3144,11.1528,925.48
-3717274,-11.6533,166.8742,922.93
5091209,58.4228,104.8355,916.87
5097679,-4.645,55.4392,915.68
5100996,7.0994,5.0825,915.05
-3756184,22.6508,-12.5742,915.01
-3761801,-24.9933,120.49,914.1
-3782210,-40.3092,-9.9467,910.13
-3786259,-15.1317,-54.8933,909.83
5135915,69.9661,109.6094,908.51
-3809171,63.1267,97.79,904.95
-3808912,29.9342,-3.0633,904.95
5162515,-6.4025,-50.3325,903.67
5190325,63.2939,100.9128,898.56
-3842928,13.935,27.7825,896.72
5206726,55.3339,-67.7044,895.57
-3870625,64.05,96.9792,890.93
-3884488,63.7225,104.5442,887.88
5270269,-4.4144,12.7642,884.08
-3908120,62.2967,-7.0133,882.09
-3913792,-37.8492,77.5483,880.87
5292022,32.6389,21.84,880.13
5292066,53.9144,-62.0042,880.12
-3940408,-31.58,159.0825,875.08
5329630,8.6339,20.0811,873.35
-3953074,6.1683,26.5892,872.95
5336827,50.2256,126.5097,872.07
-3955828,-2.4192,14.3758,871.73
-3962606,57.4192,-113.6058,870.0
-3963387,69.2425,-121.54,869.9
-3975204,57.79,-111.9425,867.0
-4005595,-0.7342,-73.0875,860.15
-4014817,-7.9517,-14.3425,858.93
-4014768,29.0775,-3.895,858.93
-4025259,3.9492,25.7875,855.88
-4047325,3.5775,-53.5192,851.0
-4074870,11.6933,6.7792,845.0
5497967,-1.0353,-53.9008,843.75
-4083874,5.46,27.4592,843.0
5503427,25.8033,16.6683,842.82
5508005,53.4169,-102.3058,842.04
5508244,35.1671,-93.6447,842.0
-4091954,57.6683,-105.275,841.86
-4092713,57.6667,-105.2775,841.86
-4092743,57.6658,-105.28,841.86
-4091849,-25.9017,-56.16,841.86
-4099072,49.77,-102.5967,840.0
5522656,51.4692,-100.7208,839.48
5523617,61.9381,96.4228,839.31
5527302,18.9394,1.0286,838.68
-4124704,24.2342,141.4633,834.85
-4127608,3.6158,15.2792,834.0
-4149321,53.15,-107.4742,830.58
5581736,69.5325,105.7739,829.3
-4176611,17.96,27.225,824.79
-4178813,-13.7742,143.3217,823.87
-4180595,-10.45,-45.3942,823.87
-4180475,-10.4492,-45.3967,823.87
-4186582,-15.9617,-5.7033,822.96
-4212690,25.0142,15.5608,816.86
-4219071,6.7008,21.425,815.95
5674671,-16.175,125.8181,813.5
5677251,-14.6125,-58.7797,813.05
-4239419,48.8333,-58.4842,811.99
5685188,60.1017,95.7228,811.72
5697594,-10.3861,165.8042,809.62
5726508,7.1328,-1.8861,804.82
-4280066,5.7242,25.5217,803.76
-4284150,67.9917,-119.7825,803.15
5737900,20.5711,-12.8089,802.89
5740538,49.5942,-57.7842,802.45
-4318207,6.305,20.5767,797.97
-4347163,41.9058,-77.7025,793.0
-4368531,6.8733,158.2283,790.96
-4378736,79.8225,23.9183,789.0
-4388615,-8.7,-50.8067,786.99
5836480,16.355,145.6564,786.61
5849236,-35.5253,173.5108,784.52
5855515,80.5806,94.8931,783.48
-4427425,-54.405,3.3475,779.98
-4448414,5.5983,22.6325,775.72
-4454786,48.9992,-100.43,774.5
-4457450,19.0942,27.1075,773.89
-4456863,19.0958,27.1058,773.89
5920659,58.5431,100.13,772.9
5965795,-22.7767,-56.1994,765.67
5965837,75.4089,-114.6492,765.66
-4509230,-19.56,-54.4783,764.74
-4509154,-19.5658,-54.4808,764.74
-4509118,-19.5658,-54.4792,764.74
-4508753,-19.5675,-54.4833,764.74
-4509142,-19.5667,-54.4825,764.74
-4509095,-19.5642,-54.4808,764.74
-4509130,-19.565,-54.4817,764.74
-4509205,-19.5625,-54.4792,764.74
-4513861,-8.4633,-55.6025,763.83
-4512469,64.2292,107.9717,763.83
-4513410,64.23,107.9675,763.83
-4511693,64.26,107.7842,763.83
-4511383,64.2617,107.7808,763.83
-4519949,28.6675,11.6567,762.91
-4522127,54.78,-108.7325,762.0
-4522178,54.7783,-108.7342,762.0
-4521989,54.7775,-108.735,762.0
-4522376,54.7492,-104.3392,762.0
6017821,10.7617,-5.4183,757.57
-4557977,50.7133,-99.6783,756.0
6044905,66.9219,-116.1361,753.27
-4577022,34.84,-98.8033,752.86
-4583141,14.98,6.2142,751.94
-4600989,53.8442,-106.3908,748.0
-4603855,-2.0733,24.7217,747.98
-4608075,3.8025,43.825,746.76
-4608321,3.8008,43.8217,746.76
6102166,52.5972,68.1097,744.47
6126015,54.8894,166.3317,740.74
-4655217,-9.2225,-43.455,738.84
-4655110,-9.2242,-43.4558,738.84
6145817,13.1589,93.0056,737.72
6148538,48.8042,-73.59,737.3
-4670816,28.5017,9.705,736.7
-4671407,28.5142,9.825,736.7
-4670837,28.51,9.72,736.7
-4670847,28.5175,9.7258,736.7
-4670362,28.5183,9.7267,736.7
-4721460,-8.5825,-48.6567,728.78
-4733223,-34.9742,138.7092,726.95
-4741934,17.2375,77.9308,725.73
-4752994,71.1358,-122.9533,723.9
-4794342,-2.14,146.94,718.11
6293345,22.5644,-14.2817,715.66
-4820722,31.815,11.1683,714.76
6317097,26.685,-4.8594,712.15
-4885856,-9.1017,-54.6042,707.75
-4886954,47.3125,-99.8817,707.14
-4894641,4.87,20.91,706.0
-4897821,7.9525,26.9867,705.92
-4901349,-51.6917,-58.8342,705.0
-4901635,-50.8958,166.0217,705.0
-4925447,-3.5792,23.31,701.95
-4925618,-3.58,23.3083,701.95
6386966,47.8975,-90.5606,701.95
6409469,-1.8644,105.8489,698.66
-4955676,-29.4658,117.2983,697.99
-4980032,22.7875,-83.3683,693.72
-4980213,16.0667,11.385,693.72
-4983081,47.3167,-80.7492,693.12
-4995231,-30.36,119.6725,691.9
-5003424,-20.5075,-29.325,690.07
6475763,0.0858,-70.8622,688.99
6482232,-6.5403,-46.2561,688.04
-5023324,-19.1908,128.835,687.93
-5037165,61.6367,-72.7417,685.8
-5037181,61.6367,-72.7392,685.8
-5039283,25.6933,23.5767,685.0
-5049654,22.0917,22.1725,683.97
-5058110,-26.5117,119.065,682.75
-5058064,-26.51,119.06,682.75
-5083409,66.7967,-122.3858,679.7
-5093221,4.4867,19.5217,677.88
-5136386,74.0275,96.2383,671.78
6599750,8.1244,-4.6639,671.49
-5144745,24.2692,22.7517,670.86
6619017,65.9353,-109.7411,668.82
-5171045,-81.6533,-148.8392,667.82
-5180021,18.0767,-11.3892,665.99
-5185836,46.9917,-83.9842,665.07
-5205178,-8.2708,-46.0983,662.94
-5205201,-8.27,-46.0992,662.94
-5223349,60.1242,126.0392,660.0
-5249722,0.8583,-53.6692,656.84
-5257082,-15.855,-173.7125,655.93
-5261955,48.0842,-76.2742,655.32
6723458,48.4697,58.4883,654.48
-5270312,13.8208,9.3917,654.0
-5272684,-82.9133,-140.05,653.8
-5272699,-82.9125,-139.9958,653.8
6731979,6.6594,-5.5367,653.3
-5284597,-21.2342,-159.7633,652.88
-5289309,-27.8342,117.1058,651.97
-5297059,66.345,-113.1042,650.75
-5294821,71.8583,-112.5892,650.75
-5294832,71.8583,-112.5975,650.75
-5296739,45.4708,-97.105,650.75
-5294896,71.8567,-112.6025,650.75
6752734,7.1511,93.8258,650.5
-5311164,57.7383,-107.5783,648.92
-5335426,17.145,-11.535,645.87
6789892,70.1111,-84.31,645.51
6800014,48.2736,-86.0036,644.12
-5445638,-27.5992,-144.3758,633.07
-5456800,21.4642,-11.6033,631.85
-5456681,0.7292,-55.1175,631.85
-5456960,21.4675,-11.6092,631.85
-5456807,21.4692,-11.6083,631.85
-5456893,21.4717,-11.6058,631.85
-5456835,21.4525,-11.6125,631.85
-5456785,21.4742,-11.6092,631.85
-5456687,-32.8825,121.1625,631.85
6903374,66.0989,-90.4028,630.34
-5482404,5.3108,162.9933,629.11
-5519292,-27.1358,121.5483,625.75
-5545560,-10.3917,-57.9708,622.71
6967434,80.7981,58.4986,621.9
-5565001,50.6258,-74.9692,620.0
-5571071,26.2358,-10.8158,619.96
-5571073,26.2342,-10.815,619.96
7023444,2.1275,-71.1728,614.57
-5626395,8.7683,3.6008,613.87
-5628609,46.7033,-88.24,613.0
-5628566,46.7558,-88.155,613.0
7038680,-20.8872,139.8872,612.6
-5645543,64.83,-83.6025,611.12
-5645542,47.2317,-95.5033,611.12
7076856,70.6939,-93.7383,607.63
-5696911,60.91,101.4683,605.94
-5704145,45.4508,-90.195,605.0
-5717666,60.9325,105.4367,603.81
-5731545,62.7925,108.5942,602.89
7149309,23.7997,-10.64,598.32
-5775603,25.3925,29.6617,597.71
-5777730,15.945,33.4533,597.71
-5777079,15.8808,33.5667,597.71
-5787760,-27.7775,122.8167,596.8
-5792346,-27.7842,122.8175,596.8
-5788508,-27.7783,122.8133,596.8
-5786673,-27.7792,122.8125,596.8
-5788024,-27.7833,122.8142,596.8
-5786260,-27.7817,122.8158,596.8
-5786613,-27.78,122.8108,596.8
-5788551,-27.7808,122.8133,596.8
-5812580,-33.4458,123.4758,594.06
-5826787,25.185,-11.455,592.84
7195521,-32.9658,116.4494,592.4
-5843071,45.5575,-88.8142,591.01
-5857321,67.1975,-89.7917,589.79
-5882661,3.3608,22.3392,587.96
7239673,-38.0094,-65.6042,586.83
7272548,45.6489,-78.2569,582.67
7297018,5.5244,-87.08,579.62
7307904,70.9283,-116.4325,578.24
-5984566,63.94,112.5833,577.9
-5990536,18.1958,11.6342,577.0
-5991148,49.3383,-90.5525,577.0
7321293,-11.135,-61.5747,576.58
-6017691,10.2367,-3.0558,574.85
7340920,8.6669,106.5794,574.15
-6023555,18.245,13.0767,573.94
-6035821,-32.03,122.8092,572.72
-6040414,16.7333,6.8883,572.72
-6037662,16.7142,6.8633,572.72
-6033999,60.1392,-107.4,572.72
-6059395,11.9725,-3.3642,570.89
-6121888,48.4867,-78.7725,565.4
7412633,2.9989,44.2981,565.25
-6138930,26.0783,-9.0917,563.88
7430500,-12.9892,133.1178,563.07
7440194,-79.3567,-161.7433,561.88
7450334,3.1653,106.2189,560.61
-6204728,-25.0425,125.065,558.7
-6205083,-52.5708,169.1658,558.09
-6252748,25.065,-8.2967,553.82
-6265881,-30.835,121.0967,552.91
-6268118,-12.1308,-62.2008,552.91
7532287,44.0717,52.5617,550.55
-6305197,16.9992,2.7225,549.86
-6314660,62.4842,-77.015,548.94
-6315573,62.4308,-76.9433,548.94
-6322123,37.5717,-90.7292,548.0
-6335383,16.8608,-3.6967,546.81
-6340906,60.2175,-103.825,546.81
-6367066,44.3717,-80.2492,544.07
-6367074,44.3183,-80.32,544.07
-6377698,12.7575,-2.3017,543.76
7594695,68.2989,-85.2783,542.98
-6423684,19.315,-0.2625,539.8
-6435225,46.1108,-81.2892,538.89
-6447196,-21.3333,128.1125,537.97
-6446992,-21.4008,128.1183,537.97
-6465262,74.4275,19.2033,536.14
-6473980,72.6992,123.2175,535.84
-6487460,46.7025,-60.5992,534.92
7676404,72.1097,140.865,533.22
-6531248,59.7667,-101.95,530.96
-6579294,24.3325,29.2392,527.0
7730686,60.6722,-173.0911,526.81
-6622812,-10.9333,-55.1933,523.95
-6622397,-10.9342,-55.195,523.95
-6622073,-10.9358,-55.1892,523.95
-6622458,-10.9367,-55.1875,523.95
-6623902,43.0283,-89.8525,523.95
-6621262,-14.2708,-178.1392,523.95
-6627759,66.3058,-93.115,523.0
7763206,44.1381,-85.3444,523.0
-6647922,63.6067,-112.5192,521.82
-6652078,49.6242,-76.9583,521.0
7799266,-37.5969,-59.2947,518.79
7819053,-65.5456,100.7911,516.52
7822268,69.5556,-112.6689,516.14
-6719397,-29.2675,-177.9075,516.03
-6719894,-13.9042,-51.3075,516.0
-6747390,-34.3808,-54.6733,513.89
-6769393,37.5925,-96.5375,512.06
-6795965,29.8417,8.0925,510.84
-6797099,60.0275,-166.2625,510.54
7894111,-27.0853,-109.3803,507.96
-6866823,10.41,4.1242,505.0
-6877187,26.6975,-7.3517,504.75
-6885602,-9.5258,-59.9808,503.83
-6891041,69.2392,113.6258,503.83
-6913286,-6.4675,-43.79,501.7
-6913229,-6.4667,-43.7908,501.7
-6913244,-6.465,-43.7917,501.7
-6913245,-6.4642,-43.7942,501.7
-6931352,-17.6833,129.585,500.79
-6961369,-32.6783,119.7767,498.96
8001202,14.1447,145.1878,495.91
8007511,-30.5939,145.6867,495.19
-7046289,70.9217,123.6058,492.86
-7058519,9.8433,-1.6733,491.95
-7069959,-23.1292,-134.9717,491.03
8055097,-66.1533,96.7044,489.87
-7105783,51.1917,-93.5017,489.0
-7107748,-21.5317,126.9958,488.9
-7113836,73.2375,-94.6817,488.9
-7132138,-33.2825,136.1825,487.98
-7176497,-4.3433,-51.6308,484.94
-7274696,-26.36,-79.8983,479.15
-7322638,6.7242,33.0008,476.71
-7323799,45.1717,-84.7517,476.1
-7324696,60.5625,132.8475,476.0
-7329692,-3.2108,17.8942,475.79
-7330488,-3.1967,17.89,475.79
-7340318,42.025,-95.0967,475.49
-7340335,41.9925,-95.0733,475.49
-7378143,63.9025,-115.9175,472.74
8211595,42.1403,60.4217,472.65
8212178,64.6031,50.345,472.58
-7391992,40.37,-83.72,472.14
-7393866,51.6092,-90.1625,472.0
-7431140,-32.7167,-54.7742,470.0
8272046,73.7072,-118.9217,466.07
-7532372,57.345,-76.475,464.82
-7584254,57.3917,56.23,461.77
-7587545,16.7733,-10.3217,461.77
-7587074,16.775,-10.3217,461.77
-7586307,-11.9175,-51.4217,461.77
-7585192,-11.9158,-51.4208,461.77
-7609936,40.7275,-82.6175,460.25
8330905,72.275,-94.5133,459.71
-7636202,62.8567,-103.6092,458.72
-7704595,-1.6008,17.205,455.98
-7715816,20.5733,-8.7533,454.76
-7729609,13.7725,-0.1442,453.85
-7766978,5.2242,48.1817,451.71
8408158,23.9361,69.8236,451.5
-7809891,60.5342,-1.4458,449.88
-7820277,21.8217,-9.0892,449.88
8445712,7.3408,151.623,447.47
-7888897,56.1017,-76.5467,445.92
-7888860,56.1025,-76.5458,445.92
-7949486,43.2525,-93.5525,442.87
-8029203,-30.8883,142.6175,439.83
8518883,48.5219,0.0275,439.78
-8083124,-23.8575,-147.6483,437.08
-8086010,-9.2667,-65.28,437.0
-8087334,26.1908,20.2725,436.78
-8158077,-18.6208,137.5025,433.73
-8173225,-54.7058,158.82,433.12
-8263205,75.885,-106.3842,429.77
-8275500,18.6567,31.0375,429.0
-8370479,24.0817,-5.535,425.81
8658327,45.6889,-65.2583,425.13
-8397144,69.4267,62.2083,424.89
-8402864,50.9733,59.9342,424.0
-8408262,16.5767,-7.2358,423.98
-8414450,80.275,46.95,423.98
-8414380,80.2675,46.9842,423.98
-8449693,68.0283,-130.3742,422.76
8687101,76.6544,148.59,422.12
-8475530,16.6367,-1.6575,421.84
-8486864,-36.98,-65.3708,420.93
-8487314,-36.9908,-65.3717,420.93
-8486811,-36.9875,-65.3583,420.93
-8487463,-36.9867,-65.3767,420.93
-8487962,-36.9867,-65.3683,420.93
-8486739,-36.9783,-65.3675,420.93
-8486759,-36.9775,-65.3683,420.93
-8487445,-36.9917,-65.35,420.93
-8487474,-36.9883,-65.3725,420.93
-8527929,-31.3225,-56.1692,419.71
-8549751,-28.4883,136.0225,418.8
-8608772,63.0733,32.6242,416.97
-8639662,73.1067,82.79,415.75
-8693248,15.3433,14.6058,413.92
-8733649,76.3867,-101.6525,412.09
-8742281,-0.7283,18.8775,411.78
-8741037,-0.8,18.8617,411.78
-8798433,-78.8258,-68.9575,410.0
-8813206,80.1883,32.6183,409.96
-8827246,26.3758,0.7725,409.0
8832462,-23.3683,-149.4683,407.05
-8889309,53.3767,-92.7475,407.0
-8945670,-0.7225,-59.8892,405.99
-9084207,-8.7142,-71.415,401.0
-9183983,52.0683,54.385,398.0
-9220940,47.3833,-55.135,396.85
-9239937,48.1575,-54.0558,396.24
-9247517,-19.6983,63.4458,395.94
-9261514,-30.39,115.6367,395.94
-9244263,-22.75,143.29,395.94
-9284211,15.8308,-5.195,394.72
-9274314,22.3067,-5.8533,394.72
-9286872,-0.1883,17.0825,394.72
-9297787,56.2208,-97.9075,394.0
-9371200,22.9108,-7.545,391.97
-9399860,42.885,-83.325,390.14
-9399862,-22.4583,-151.3467,390.14
9000050,53.4317,49.8325,390.08
-9469367,48.4167,-3.88,387.1
-9470016,59.2983,-70.2158,387.0
-9502186,-20.7217,124.8133,385.88
-9517576,-78.7183,-68.4442,385.0
9082014,30.4844,140.3086,381.81
9087181,23.03,-81.6919,381.29
9104963,-7.235,131.3761,379.52
-9679495,22.0642,-1.9442,378.87
-9679809,57.5075,14.5,378.87
-9724085,17.7417,-5.4067,376.73
-9742473,-12.2892,168.8358,375.82
-9774350,62.5042,125.72,374.0
-9789170,75.1367,140.0258,373.99
-9792065,-10.1467,142.3208,373.99
9173826,-10.4833,105.5806,372.59
-9942164,21.2492,-2.9583,367.89
-9965605,45.5542,-63.2233,366.98
-9969996,-49.6842,178.7808,366.06
-9970230,61.7475,54.2367,366.0
-10010164,15.8283,17.495,364.85
-10033395,48.2283,38.9158,363.93
-10045176,63.1075,-99.0225,363.0
-10045940,57.2883,33.9517,363.0
9278104,75.1094,-98.29,362.08
-10091452,-30.9242,134.0067,361.0
-10108138,21.9642,-4.5633,360.88
-10120671,50.5683,45.14,360.0
-10127407,28.1017,28.9467,359.97
-10128247,-13.2367,135.445,359.97
-10194463,67.5133,119.5883,357.0
-10193873,67.5308,119.7475,357.0
-10221386,76.785,158.1025,355.7
-10227631,69.1467,-129.21,355.7
-10262367,12.865,14.8367,354.79
-10285769,53.8517,27.0608,353.87
-10293604,53.8508,27.0642,353.87
-10284041,53.8525,27.0625,353.87
9384825,13.3494,-81.3681,351.26
-10420687,-26.3775,142.7575,349.0
-10474798,63.0942,29.8083,346.86
-10479317,-25.0708,-130.11,346.86
-10487659,-17.3575,135.5883,346.0
-10487285,-17.3558,135.5867,346.0
-10546867,63.4117,37.0108,344.0
-10570744,46.8533,59.5592,343.0
-10625961,-20.1567,136.6142,341.99
-10632021,51.3433,28.23,341.0
-10660932,43.1267,54.9275,340.0
-10678298,63.7667,-94.3933,339.85
-10689822,56.8508,29.3833,339.0
-10707788,20.2725,-4.4392,338.94
-10743983,54.2233,18.1242,337.0
9544903,59.8256,-80.0133,334.97
-10885431,63.1683,-91.59,332.0
9574659,-65.7561,92.4406,331.92
-10913036,37.5825,-88.4758,331.0
9589396,-35.7803,136.8719,330.42
-10969699,55.125,34.1525,329.0
-11068519,-29.8233,131.0225,325.83
-11077651,-16.52,132.2058,324.92
-11099091,53.5508,19.9425,324.0
-11123197,-22.1092,114.005,323.0
-11181166,53.9642,81.8308,321.0
-11211030,-16.4208,134.1317,320.0
-11235507,61.5408,33.7358,319.74
-11234600,-16.0858,135.7483,319.74
-11234692,-16.08,135.7517,319.74
-11236615,57.7142,27.0592,319.74
-11242904,-29.0117,167.9425,319.13
-11243596,56.87,25.9592,319.0
-11339394,47.3208,36.5958,315.77
-11428490,54.2442,22.3242,312.0
-11441229,73.5858,-105.1883,311.81
9776181,80.83,79.5528,311.36
9776889,8.4272,104.8278,311.28
-11486654,50.8708,63.4042,310.0
-11484671,50.8675,63.4092,310.0
-11484385,50.8792,63.4092,310.0
-11484755,50.8708,63.41,310.0
-11481950,50.8733,63.4042,310.0
-11484090,50.8742,63.4108,310.0
-11484118,50.875,63.4067,310.0
-11486597,50.8775,63.4067,310.0
-11484400,50.8783,63.41,310.0
-11484841,50.8692,63.4108,310.0
-11624931,39.2825,-91.0567,305.1
-11625808,56.4658,38.025,305.0
-11637733,-29.9433,132.4125,304.8
9864798,56.6033,-169.6767,302.27
-11712418,4.0017,-81.6075,302.06
-11728069,67.0983,48.9458,301.75
9872116,18.3625,-114.6983,301.53
-11814907,58.7917,42.2,299.0
-11815774,61.5042,37.2458,299.0
-11855498,59.655,37.325,297.79
-11958232,-22.3408,-176.21,294.74
-11939998,-44.1242,-176.5833,294.74
-12052529,40.4775,-88.5575,291.08
-12052923,52.6667,35.2158,291.0
-12065454,53.0583,63.1392,290.78
-12130855,43.0283,56.81,288.95
-12127796,56.2708,27.655,288.95
-12200953,-8.5933,-69.3417,286.82
-12183367,46.7892,-0.8425,286.82
-12207885,48.1467,31.6842,286.0
-12227271,-26.9058,113.7808,285.9
-12319916,20.6783,53.7092,282.85
-12326365,51.1192,37.2667,282.0
-12354711,55.2475,-96.785,281.94
-12387364,59.8725,51.6967,280.0
-12394087,65.5117,-97.3925,279.81
-12396950,58.9033,33.565,279.81
-12396712,59.0967,33.7292,279.81
-12397012,58.9025,33.5592,279.81
-12397602,58.9042,33.5683,279.81
-12420569,58.3358,37.1758,279.0
-12435815,46.425,64.1917,278.89
-12465409,63.3133,82.3092,277.98
-12477297,56.5142,49.0042,277.0
-12528613,23.0625,-161.9275,275.23
-12539467,-27.3458,141.08,274.93
-12543241,52.8325,27.5717,274.93
-12561376,59.5833,48.8575,274.0
-12699526,73.3792,116.2808,269.75
-12714864,62.5017,25.1533,268.83
-12778616,30.3775,27.6233,266.7
-12775684,39.9108,62.5533,266.7
-12777258,30.4367,27.6308,266.7
-12779149,30.3792,27.62,266.7
-12780036,63.4058,45.565,266.0
-12830695,49.6892,1.6658,264.0
-12863137,63.1275,84.9492,262.74
-12940330,55.5183,-93.6783,260.0
-13015319,68.9792,-109.4825,257.86
-13027524,61.62,43.3625,257.0
-13027401,61.6208,43.3633,257.0
-13070986,-12.4975,177.0675,255.12
-13072821,61.2433,45.7775,255.0
-13080418,44.735,58.2075,254.81
-13100446,51.205,50.2525,254.0
-13117730,58.6017,40.2058,253.9
-13126576,54.3008,-84.4883,253.0
-13171696,49.1558,43.8442,251.0
-13224927,31.2333,25.685,249.94
-13234273,52.7358,32.7492,249.0
-13265098,-17.465,122.4683,247.8
-13269761,-29.7442,135.2492,247.8
-13265284,-17.4658,122.465,247.8
-13388684,62.2608,46.5242,243.84
-13394006,50.5283,41.7667,243.0
-13396211,50.5325,41.775,243.0
-13408313,49.62,40.1433,242.93
-13418131,7.59,134.5883,242.01
-13444204,48.4358,62.8008,241.71
-13457814,70.2783,-105.3167,240.79
-13457155,68.3067,44.685,240.79
-13457156,68.2833,44.8567,240.79
-13483107,45.9608,125.5533,240.0
-13544683,62.1525,22.175,238.0
-13573768,56.26,-91.0758,237.0
-13627525,55.6292,22.3883,235.0
-13642713,-23.7617,34.9833,234.7
-13683377,62.5817,66.0708,233.0
-13779777,-22.3942,172.0858,229.82
-13871296,33.1283,-89.3108,227.0
-13922546,-22.2258,33.8217,225.86
-13903534,28.1075,24.2783,225.86
-13922685,-22.2242,33.8208,225.86
-13922332,-22.2225,33.82,225.86
-13983148,-3.86,-32.4217,223.11
-14024133,66.3825,-98.305,221.89
-14091360,19.7625,57.4875,219.76
-14091759,19.7642,57.4892,219.76
-14139645,46.3742,43.8583,218.85
-14140228,46.3742,43.8633,218.85
-14140948,46.375,43.8533,218.85
-14139801,46.375,43.8567,218.85
-14140600,46.3792,43.8375,218.85
-14152572,65.4325,42.4142,218.0
-14156558,71.9058,93.4708,217.93
-14208034,62.8942,-81.96,216.1
-14217719,68.485,57.9875,215.8
-14294310,-1.5358,145.0583,213.97
-14326543,65.39,39.8492,212.75
-14356345,-15.5825,-175.6258,211.84
-14419004,-34.0875,-57.01,209.7
-14418629,64.1942,67.0175,209.7
-14552747,64.5642,82.445,206.0
-14646057,-2.3217,-69.8983,203.91
-14650021,60.4875,30.1975,203.0
-14775962,-3.2908,-69.9358,199.95
-14775607,55.3508,64.08,199.95
-14829899,64.6825,85.4925,198.0
-14870562,1.1083,43.9892,197.0
-14938127,-11.6575,160.1358,195.0
-14938121,-11.6567,160.135,195.0
-14952941,66.7408,85.1875,194.77
-14951657,-13.9583,136.6417,194.77
-15124077,-2.91,113.4608,189.89
-15185377,54.8917,71.2242,188.98
-15295009,-2.6533,-71.6933,185.93
-15294946,-2.6517,-71.6942,185.93
-15272408,-2.6467,-71.5733,185.93
-15404298,-9.9208,144.0433,182.88
-15424845,53.2975,11.905,182.0
-15438440,55.9925,9.7967,181.97
-15507461,54.5533,13.6317,180.0
-15527912,60.0267,26.995,179.83
-15662687,56.1742,66.8125,176.0
-15660199,-21.9283,-157.9292,176.0
-15660145,56.1758,66.8267,176.0
-15726464,9.535,138.105,174.04
-15860971,69.0508,49.1425,170.99
-15860867,69.0542,49.1542,170.99
-15863208,55.3483,79.0292,170.99
-15856478,69.0175,48.9867,170.99
-15860373,69.05,49.185,170.99
-15860815,69.0517,49.155,170.99
-15858552,68.1492,51.8908,170.99
-15929441,32.425,-92.8967,169.0
-15994873,30.5783,20.3483,167.94
-15999483,54.2108,10.7233,167.03
-16094052,56.185,-78.8175,164.9
-16125381,62.9,77.3633,164.0
-16155653,-5.565,114.4375,163.98
-16221026,-12.5725,136.6033,161.85
-16262954,-24.6525,33.5475,160.93
-16264692,-24.67,33.5983,160.93
-16264298,-24.6725,33.5925,160.93
-16441833,70.2642,59.0775,156.97
-16494640,63.8742,73.9608,155.75
-16541475,32.7483,-80.4883,154.84
-16690316,-13.275,-176.2067,150.88
-16774024,-1.8292,41.2592,149.0
-16806106,-25.6583,-60.185,148.74
-16804281,55.2108,76.8542,148.74
-16834625,24.885,53.0692,147.83
-16886610,-11.7108,131.04,146.91
-16873945,-11.7033,130.8375,146.91
-16876868,54.66,73.2983,146.91
-17017213,70.4125,80.5308,143.87
-17066713,-29.2908,-58.1,142.95
-17066499,-29.2925,-58.1008,142.95
-17088644,60.3508,67.0017,142.0
-17135532,-34.6217,141.6267,141.73
-17136362,68.8275,-97.5258,141.12
-17192919,57.7017,71.6542,140.0
-17225337,14.84,-17.0,139.9
-17398970,57.195,10.2925,135.94
-17398838,57.195,10.2933,135.94
-17398779,70.0283,76.2925,135.94
-17436524,59.7908,76.8042,135.0
-17460527,65.6142,75.3583,134.72
-17474814,48.1425,46.855,134.0
-17525637,61.6058,77.5925,133.0
-17610841,60.3275,20.12,131.98
-17657956,58.2375,68.4383,130.76
-17802067,77.8792,-111.3783,127.71
-17801320,77.9258,-111.23,127.71
-17902413,-31.9458,-60.4192,125.88
-17894612,-32.1633,-60.2217,125.88
-17895348,-27.4675,139.095,125.88
-17952087,-18.8425,-159.7867,124.05
-18479211,24.7783,125.3842,114.0
-18516416,-24.045,113.4283,112.78
-18858295,-15.81,-148.2683,105.77
-18971863,-18.3217,140.4233,103.0
-19009681,61.6583,73.4792,102.72
-19053639,68.3083,70.7942,101.8
-19052527,-0.1492,42.7,101.8
-19369030,56.405,143.3858,95.71
-19383554,28.6492,-81.7333,95.0
-19423436,-19.0808,-169.9408,94.79
-19453263,67.8175,-76.6925,93.88
-19453264,67.8167,-76.6933,93.88
-19619831,69.7058,68.3958,90.83
-19696845,68.5975,75.6408,88.7
-19693149,57.3342,18.34,88.7
-19729601,-81.3783,-163.2817,88.0
-19785212,29.915,-82.0375,86.87
-19894069,-20.6433,-178.7392,84.73
-19900237,23.575,-164.7,84.12
-19972600,-8.6167,143.0308,82.91
-19978213,-22.65,-152.8058,82.91
-20045788,-0.8617,169.5408,81.08
-20083607,-19.9958,-158.1167,80.77
-20083614,-19.9925,-158.1175,80.77
-20127826,-1.4142,-51.0167,79.86
-20174925,75.0142,147.1083,78.94
-20260929,32.3175,-64.7333,76.81
-20378519,58.9158,22.2,74.98
-20421010,-22.6083,168.9433,73.76
-20433403,-47.7617,179.0408,73.15
-20477728,-11.6083,169.85,72.85
-20551012,71.2392,70.2117,70.71
-20555255,71.2517,70.2633,70.71
-20555503,71.2642,70.2883,70.71
-20740341,24.1017,89.0258,67.97
-20740300,24.1,89.0267,67.97
-20757486,25.9492,131.2942,67.0
-20860557,49.1675,46.8742,65.0
-20860563,49.1675,46.8767,65.0
-20875548,-0.5292,166.9125,64.92
-20955708,24.2392,-75.3742,63.7
-21077356,25.3792,-76.5325,61.87
-21228214,9.5875,121.1992,58.83
-21259876,31.495,31.1283,57.91
-21308952,77.19,89.5,57.0
-21450629,29.8158,-91.8033,54.0
-21477572,48.5525,51.9325,53.95
-21604616,19.7467,-79.7317,50.9
-21605063,-78.5233,178.1133,50.9
-21604959,19.7458,-79.7342,50.9
-21654081,24.5408,-78.205,49.99
-21662249,22.9217,-74.8575,49.99
-21690344,21.7867,-72.2467,49.07
-21833910,0.5342,72.9975,45.72
-21927982,-16.5283,139.2733,43.89
-21962845,25.54,-80.3367,43.0
-21984541,68.0,-169.0392,42.98
-22033525,75.9725,82.6442,41.76
-22024280,75.9625,82.7833,41.76
-22075191,26.5708,-77.14,40.84
-22178340,-24.3842,-128.3475,38.71
-22178434,-24.345,-128.345,38.71
-22178502,-24.3583,-128.3517,38.71
-22178435,-24.3425,-128.3433,38.71
-22178360,-24.3725,-128.3533,38.71
-22178439,-24.3417,-128.3425,38.71
-22178516,-24.3608,-128.3525,38.71
-22178409,-24.34,-128.3408,38.71
-22209449,6.68,149.2975,37.8
-22284619,23.7692,-166.26,36.58
-22317790,-5.7733,53.3125,35.97
-22339251,-5.2908,71.7408,34.75
-22439441,74.5558,79.4525,32.92
-22441348,-1.465,143.0508,32.92
-22489373,6.8925,152.7417,31.7
-22585948,4.6842,-160.3625,30.78
-22585479,-9.745,46.5142,30.78
-22607576,-26.5117,-105.285,29.87
-22696980,21.9625,89.9625,28.96
-22696734,21.7283,89.2567,28.96
-22697085,21.9483,89.9625,28.96
-22696727,26.6325,-78.2283,28.96
-22698481,5.3317,132.225,28.96
-22696985,21.9625,89.9642,28.96
-22698471,-11.4233,-151.8258,28.96
-22699063,-5.5133,127.555,28.96
-22696949,21.9692,89.965,28.96
-22698005,3.01,131.1233,28.96
-22699250,43.9717,-59.7642,28.04
-22720396,24.47,131.185,27.74
-22719876,5.925,153.1167,27.74
-22720182,9.7675,140.525,27.74
-22721182,36.0142,-75.6675,27.74
-22720426,19.33,-81.2,27.74
-22777206,-20.78,-138.5483,26.82
-22777248,-8.0642,178.375,26.82
-22776690,6.4117,-162.3533,26.82
-22779008,-6.6925,71.3908,26.82
-22779301,77.4908,82.25,26.82
-22777128,17.4117,-83.9017,26.82
-22776425,5.8758,-162.0817,26.82
-22803841,27.0183,-80.1117,26.21
-22820937,-10.395,-161.025,25.91
-22830673,25.69,-79.3067,25.91
-22881748,8.7267,167.74,24.99
-22881951,-7.3167,72.4833,24.99
-22881749,8.7258,167.7392,24.99
-22881751,4.6783,168.6825,24.99
-22881740,28.2108,-177.3858,24.99
-22928091,8.6383,170.9975,24.0
-22968038,-7.1317,56.285,23.77
-22968056,6.22,160.6925,23.77
-22967920,-17.0508,42.7225,23.77
-22968134,6.665,159.7508,23.77
-22968100,-9.9975,-150.2308,23.77
-22968156,8.1267,140.405,23.77
-22968052,3.8533,154.9708,23.77
-22968076,-4.6775,-174.5358,23.77
-22968077,-11.8242,96.8225,23.77
-22968078,-12.1725,96.8333,23.77
-22977912,-5.6467,176.065,23.0
-23000080,-9.0258,-157.8842,22.86
-23000217,9.2625,169.9492,22.86
-22999912,3.8433,-159.2475,22.86
-23000081,-18.0575,-163.19,22.86
-23000112,0.845,172.9775,22.86
-23000120,-0.3767,-160.0167,22.86
-23000093,-11.0533,-171.0675,22.86
-23000094,-11.0508,-171.07,22.86
-23000104,-9.0275,-158.005,22.86
-23000219,7.2817,168.7508,22.86
-23000233,-5.46,159.4408,22.86
-23000113,0.9325,173.035,22.86
-23000153,-11.05,-171.0775,22.86
-23000095,-11.05,-171.0708,22.86
-22999986,-3.2808,154.7142,22.86
-23046171,-14.1917,-141.1825,22.0
-23083030,79.5633,76.865,21.95
-23078662,-15.7358,-142.1292,21.95
-23080800,8.5692,149.6875,21.95
-23078913,-20.7058,-143.0442,21.95
-23077998,-4.7792,157.0267,21.95
-23083592,-5.1775,117.8842,21.95
-23078918,-20.7075,-143.0433,21.95
-23069647,5.6358,168.0917,21.95
-23077997,-4.7783,157.0275,21.95
-23069336,5.7867,157.3442,21.95
-23093858,10.2833,-109.2083,21.03
-23152946,-7.2017,177.1483,20.73
-23136664,-14.4383,-146.2233,20.73
-23144451,-13.2733,-163.1992,20.73
-23152794,-7.2042,177.1475,20.73
-23149046,-16.7192,59.5667,20.73
-23136177,-10.1225,51.1608,20.73
-23120473,-23.9392,-130.7517,20.73
-23146463,-9.2308,51.0342,20.73
-23157348,-9.3417,-171.1942,20.73
-23152625,-7.2008,177.1475,20.73
-23158478,-9.3758,-171.2692,20.73
-23161584,-9.3358,-171.1992,20.73
-23155320,7.1258,171.5692,20.73
-23140690,10.815,73.6825,20.73
-23115868,7.245,171.6408,20.73
-23158403,9.2133,165.5267,20.73
-23158400,9.2158,165.525,20.73
-23111241,10.0492,168.995,20.73
-23139489,10.8058,73.6683,20.73
-23140806,10.8167,73.6783,20.73
-23140983,10.8167,73.6933,20.73
-23139702,10.8175,73.665,20.73
-23137592,3.4725,72.8342,20.73
-23137529,3.4733,72.8392,20.73
-23150919,5.9517,169.425,20.73
-23141518,6.2408,171.9342,20.73
-23142876,6.9608,73.2092,20.73
-23155303,7.1258,171.5675,20.73
-23152143,9.1417,165.6475,20.73
-23152621,7.0917,171.6992,20.73
-23150806,7.1083,171.6908,20.73
-23173004,7.6208,155.1592,20.0
-23182339,-11.5617,-165.4108,19.81
-23176116,7.3817,147.0367,19.81
-23181553,16.7358,-169.5233,19.81
-23193960,-14.4042,-144.8617,19.81
-23184325,-2.6667,176.845,19.81
-23181690,-1.3308,176.4342,19.81
-23179837,-10.8925,-165.8733,19.81
-23182243,57.5958,-13.6875,19.81
-23186409,2.7733,73.425,19.81
-23182744,-11.5642,-165.4133,19.81
-23182690,1.8842,172.8242,19.81
-23184446,-2.6208,176.8067,19.81
-23184627,-2.625,176.8133,19.81
-23190926,-8.5575,-172.4675,19.81
-23191082,-8.5567,-172.4692,19.81
-23184092,-2.665,176.845,19.81
-23190819,-7.0117,52.725,19.81
-23181681,-1.335,176.4375,19.81
-23287189,11.1233,72.7225,18.9
-23296665,11.3808,167.5133,18.9
-23296577,11.2967,167.4683,18.9
-23287595,5.9408,73.4233,18.9
-23296881,11.1433,166.29,18.9
-23294880,-10.3967,56.6192,18.9
-23296877,11.1417,166.2908,18.9
-23294635,8.285,73.0633,18.9
-23294162,7.3733,143.8333,18.9
-23296628,-21.8117,-154.7083,18.9
-23288445,0.1817,173.6333,18.9
-23288397,0.1825,173.635,18.9
-23307721,-21.8342,-138.7833,18.0
-23307716,-21.8333,-138.7825,18.0
-23349712,11.2075,169.7633,17.98
-23338719,-6.1075,177.3425,17.98
-23351918,3.3825,173.0067,17.98
-23350620,3.3125,172.9717,17.98
-23338707,-6.1108,177.3358,17.98
-23338718,-6.1117,177.3392,17.98
-23338710,-6.1117,177.3367,17.98
-23341322,8.2975,137.4883,17.98
-23351623,-16.1175,-146.365,17.98
-23338862,11.5217,165.2933,17.98
-23337794,4.1817,73.5108,17.98
-23351557,-16.1433,-146.3958,17.98
-23353280,-17.3433,-138.3533,17.98
-23342866,29.3475,140.865,17.98
-23352670,-17.3292,-138.3442,17.98
-23350135,-19.9025,-144.9325,17.98
-23350010,16.9483,112.3342,17.98
-23367145,1.0358,154.8,16.76
-23366158,1.035,154.7983,16.76
-23378549,8.565,151.92,16.76
-23367557,1.0458,154.8067,16.76
-23381900,1.0842,154.8058,16.76
-23379807,-0.5792,174.3458,16.76
-23378301,-0.5658,174.3092,16.76
-23378503,-0.5608,174.3042,16.76
-23367182,1.0433,154.8058,16.76
-23375471,-11.5167,47.3792,16.76
-23377759,-14.8683,-148.6458,16.76
-23375907,-16.5175,-143.8167,16.76
-23367209,1.0375,154.8017,16.76
-23378728,-15.5067,-145.5883,16.76
-23378850,31.4383,140.0508,16.76
-23367136,-4.455,-171.2608,16.76
-23378595,-14.8675,-148.6483,16.76
-23384593,-4.5158,-172.2208,16.76
-23384605,-4.5175,-172.2225,16.76
-23378310,10.025,166.0242,16.76
-23378739,10.0167,166.025,16.76
-23381480,-18.145,-142.2242,16.76
-23366384,1.0333,154.7958,16.76
-23373534,-4.4617,-171.2575,16.76
-23383021,-10.7908,179.4725,16.76
-23375436,-5.865,55.3842,16.76
-23379459,12.1892,170.1075,16.76
-23374997,-5.8642,55.3858,16.76
-23383195,-17.4767,-143.4375,16.76
-23378315,8.5642,151.9183,16.76
-23379595,-17.4842,-145.3892,16.76
-23422514,8.1058,147.6467,16.0
-23422782,-19.3967,-138.67,16.0
-23462852,-18.5708,-136.2975,15.85
-23425380,-21.6867,-140.6825,15.85
-23439750,-18.5567,-139.2175,15.85
-23436692,-9.71,47.5142,15.85
-23429821,20.1642,-91.9625,15.85
-23462920,-18.5692,-136.2967,15.85
-23433984,-18.1133,-141.07,15.85
-23439643,-18.5583,-139.2192,15.85
-23454927,-15.805,-140.8458,15.85
-23431199,11.4567,162.0892,15.85
-23438315,-18.56,-139.2175,15.85
-23425423,-21.685,-140.6825,15.85
-23440714,10.2908,170.8758,15.85
-23450010,7.7033,145.88,15.85
-23465920,-14.8275,-138.7942,15.85
-23442614,6.6833,143.0758,15.85
-23439537,-18.56,-139.215,15.85
-23440750,-18.3892,-140.8233,15.85
-23468255,27.2467,140.8742,15.85
-23462198,-15.8183,-140.8725,15.85
-23460674,-15.8242,-140.9,15.85
-23462203,-15.8192,-140.8733,15.85
-23429541,-9.4225,179.8425,15.85
-23431431,-9.4292,179.865,15.85
-23436700,-22.28,-138.7575,15.85
-23431308,-9.4325,179.8592,15.85
-23463430,2.0067,-157.3967,15.85
-23436268,-23.1325,-137.1242,15.85
-23441993,8.5892,144.5233,15.85
-23472720,25.9133,-81.6942,15.24
-23472727,25.7775,-171.7275,15.24
-23532435,-15.825,-154.5167,14.94
-23513317,-16.9442,149.2,14.94
-23512388,-16.5117,-154.645,14.94
-23497951,-16.8292,-141.9308,14.94
-23497052,-21.4767,-135.5242,14.94
-23497982,-21.485,-135.5067,14.94
-23512224,-16.51,-154.6442,14.94
-23498440,-21.4767,-135.52,14.94
-23516433,-19.61,-140.4117,14.94
-23502520,-16.8383,-141.9183,14.94
-23596949,10.3767,114.3675,13.72
-23602267,19.2983,166.6467,13.72
-23595057,-0.6775,73.1958,13.72
-23595012,-0.6758,73.1942,13.72
-23742094,-5.6592,-155.8742,11.89
-23750734,14.7192,168.9183,11.89
-23742035,-5.655,-155.8917,11.89
-23717345,26.06,-173.9608,11.89
-23708648,-18.1425,162.8175,11.89
-23742890,-5.6267,-155.9,11.89
-23742060,-5.6317,-155.9275,11.89
-23742082,-5.64,-155.9117,11.89
-23773611,0.1933,-176.4858,10.97
-23770254,24.285,153.9758,10.97
-23778193,-3.9883,-154.8983,10.97
-23846252,24.555,-81.7992,10.0
-23893225,14.2867,-80.3625,9.75
-23909990,8.1142,154.2508,9.75
-23910879,8.1017,154.3092,9.75
-23912047,9.2275,145.385,9.75
-23960138,20.4192,136.11,8.84
-23959690,-17.4033,155.8708,8.84
-23960326,-15.89,54.525,8.84
-23960109,20.4258,136.1083,8.84
-23961695,-23.25,155.5417,8.84
-23954975,7.3733,113.845,8.84
-23960332,-15.8875,54.5192,8.84
-23955099,7.3742,113.8467,8.84
-23945005,-3.5917,-174.1217,8.84
-23960330,-15.8883,54.5217,8.84
-23960633,-19.8667,158.3075,8.84
-24110061,-20.93,154.4042,7.92
-24079912,-24.6808,-124.7725,7.92
-24046104,15.6717,-63.6175,7.92
-24081537,-24.6742,-124.7783,7.92
-24081368,-24.675,-124.7925,7.92
-24081468,-24.675,-124.7758,7.92
-24081396,-24.6742,-124.7883,7.92
-24048660,-2.82,-171.7117,7.92
-24055790,-3.1292,-171.0808,7.92
-24048911,-2.7733,-171.7183,7.92
-24102327,-21.6592,153.77,7.92
-24068767,24.6258,-82.8725,7.92
-24105889,-22.1717,155.4608,7.92
-24072982,-3.1192,-171.0908,7.92
-24152285,20.7,116.725,6.71
-24143245,-17.7192,148.4467,6.71
-24190492,-14.5483,-168.145,6.71
-24133803,-21.7883,152.4508,6.71
-24186838,27.79,-175.8208,6.71
-24187359,27.7892,-175.8167,6.71
-24152267,20.6992,116.73,6.71
-24219572,-21.2717,155.71,5.79
-24233852,-21.4158,158.8517,5.79
-24244349,-3.8558,-33.8067,5.79
-24233850,-21.415,158.85,5.79
-24271778,22.5225,-89.7717,5.79
-24229599,22.3825,-89.6833,5.79
-24271559,22.5192,-89.775,5.79
-24302235,8.6433,111.92,4.88
-24302118,-17.2742,119.36,4.88
-24302229,8.6458,111.9217,4.88
-24302236,8.6458,111.9192,4.88
-24368264,24.9575,-115.7675,3.96
-24368054,24.9583,-115.765,3.96
-24368015,24.9608,-115.765,3.96
-24368087,24.9625,-115.7642,3.96
-24433554,22.115,-91.3983,2.74
